# DATA_TYPE	 Mutations
entrez_gene_id	gene_symbol	case_id	sequencing_center	mutation_status	mutation_type	validation_status	amino_acid_change	functional_impact_score	xvar_link	xvar_link_pdb	xvar_link_msa	chr	start_position	end_position	reference_allele	variant_allele	reference_read_count_tumor	variant_read_count_tumor	reference_read_count_normal	variant_read_count_normal	genetic_profile_id
672	BRCA1	TCGA-13-1489-01	genome.wustl.edu	Somatic	Frame_Shift_Ins	Valid	N1265fs	NA	NA	NA	NA	17	41243753	41243754	-	TT	NA	NA	NA	NA	ov_tcga_mutations
672	BRCA1	TCGA-24-1470-01	genome.wustl.edu	Germline	Frame_Shift_Del	Valid	L1676fs	NA	NA	NA	NA	17	41219669	41219672	GTTA	-	NA	NA	NA	NA	ov_tcga_mutations
672	BRCA1	TCGA-24-2035-01	broad.mit.edu	Unknown	Frame_Shift_Del	Unknown	G1710fs	NA	NA	NA	NA	17	41215914	41215914	C	-	NA	NA	NA	NA	ov_tcga_mutations
672	BRCA1	TCGA-23-1026-01	hgsc.bcm.edu	Somatic	Frame_Shift_Del	Unknown	G813fs	NA	NA	NA	NA	17	41245110	41245110	C	-	NA	NA	NA	NA	ov_tcga_mutations
672	BRCA1	TCGA-13-0887-01	genome.wustl.edu	Germline	Frame_Shift_Del	Valid	E23fs	NA	NA	NA	NA	17	41276044	41276045	CT	-	NA	NA	NA	NA	ov_tcga_mutations
672	BRCA1	TCGA-04-1357-01	broad.mit.edu	Unknown	Nonsense_Mutation	Unknown	Q1538*	NA	getma.org/?cm=var&var=hg19,17,41226411,G,A&fts=all	NA	NA	17	41226411	41226411	G	A	NA	NA	NA	NA	ov_tcga_mutations
672	BRCA1	TCGA-25-1632-01	hgsc.bcm.edu	Somatic	Frame_Shift_Ins	Unknown	L1216fs	NA	NA	NA	NA	17	41243899	41243900	-	TAAGTTCT	NA	NA	NA	NA	ov_tcga_mutations
672	BRCA1	TCGA-25-1630-01	hgsc.bcm.edu	Somatic	Frame_Shift_Del	Unknown	K519fs	NA	NA	NA	NA	17	41245991	41245991	C	-	NA	NA	NA	NA	ov_tcga_mutations
672	BRCA1	TCGA-13-0730-01	hgsc.bcm.edu	Somatic	Nonsense_Mutation	Valid	R1835*	NA	getma.org/?cm=var&var=hg19,17,41197784,G,A&fts=all	NA	NA	17	41197784	41197784	G	A	NA	NA	NA	NA	ov_tcga_mutations
672	BRCA1	TCGA-29-2427-01	broad.mit.edu	Unknown	Nonsense_Mutation	Unknown	L431*	NA	getma.org/?cm=var&var=hg19,17,41246256,A,C&fts=all	NA	NA	17	41246256	41246256	A	C	NA	NA	NA	NA	ov_tcga_mutations
672	BRCA1	TCGA-13-0804-01	genome.wustl.edu	Somatic	Missense_Mutation	Valid	C47W	H	getma.org/?cm=var&var=hg19,17,41258544,G,C&fts=all	getma.org/pdb.php?prot=BRCA1_HUMAN&from=24&to=64&var=C47W	getma.org/?cm=msa&ty=f&p=BRCA1_HUMAN&rb=24&re=64&var=C47W	17	41258544	41258544	G	C	NA	NA	NA	NA	ov_tcga_mutations
672	BRCA1	TCGA-25-1625-01	hgsc.bcm.edu	Somatic	Nonsense_Mutation	Unknown	E116*	NA	getma.org/?cm=var&var=hg19,17,41256234,C,A&fts=all	NA	NA	17	41256234	41256234	C	A	NA	NA	NA	NA	ov_tcga_mutations
# DATA_TYPE	 Mutations
entrez_gene_id	gene_symbol	case_id	sequencing_center	mutation_status	mutation_type	validation_status	amino_acid_change	functional_impact_score	xvar_link	xvar_link_pdb	xvar_link_msa	chr	start_position	end_position	reference_allele	variant_allele	reference_read_count_tumor	variant_read_count_tumor	reference_read_count_normal	variant_read_count_normal	genetic_profile_id
672	BRCA1	TCGA-AX-A0J0-01	genome.wustl.edu	Somatic	Nonsense_Mutation	Untested	E673*	NA	getma.org/?cm=var&var=hg19,17,41245531,C,A&fts=all	NA	NA	17	41245531	41245531	C	A	75	53	193	0	ucec_tcga_mutations
672	BRCA1	TCGA-BS-A0UF-01	genome.wustl.edu	Somatic	Splice_Site	Untested	D1778_splice	NA	NA	NA	NA	17	41201212	41201212	C	A	65	18	80	0	ucec_tcga_mutations
672	BRCA1	TCGA-B5-A11N-01	genome.wustl.edu	Somatic	Missense_Mutation	Untested	C644W	M	getma.org/?cm=var&var=hg19,17,41245616,A,C&fts=all	NA	getma.org/?cm=msa&ty=f&p=BRCA1_HUMAN&rb=509&re=647&var=C644W	17	41245616	41245616	A	C	139	35	193	0	ucec_tcga_mutations
672	BRCA1	TCGA-D1-A17Q-01	genome.wustl.edu	Somatic	Missense_Mutation	Untested	E962A	M	getma.org/?cm=var&var=hg19,17,41244663,T,G&fts=all	NA	getma.org/?cm=msa&ty=f&p=BRCA1_HUMAN&rb=648&re=978&var=E962A	17	41244663	41244663	T	G	89	70	113	0	ucec_tcga_mutations
672	BRCA1	TCGA-BS-A0UF-01	genome.wustl.edu	Somatic	Missense_Mutation	Untested	K1207N	L	getma.org/?cm=var&var=hg19,17,41243927,C,A&fts=all	NA	getma.org/?cm=msa&ty=f&p=BRCA1_HUMAN&rb=1179&re=1368&var=K1207N	17	41243927	41243927	C	A	32	22	107	0	ucec_tcga_mutations
672	BRCA1	TCGA-B5-A0JY-01	genome.wustl.edu	Somatic	Missense_Mutation	Untested	F461C	H	getma.org/?cm=var&var=hg19,17,41246166,A,C&fts=all	NA	getma.org/?cm=msa&ty=f&p=BRCA1_HUMAN&rb=344&re=508&var=F461C	17	41246166	41246166	A	C	122	60	134	0	ucec_tcga_mutations
672	BRCA1	TCGA-BS-A0TC-01	genome.wustl.edu	Somatic	Missense_Mutation	Untested	G543C	M	getma.org/?cm=var&var=hg19,17,41245921,C,A&fts=all	NA	getma.org/?cm=msa&ty=f&p=BRCA1_HUMAN&rb=509&re=647&var=G543C	17	41245921	41245921	C	A	101	64	69	0	ucec_tcga_mutations
672	BRCA1	TCGA-AP-A051-01	genome.wustl.edu	Somatic	Missense_Mutation	Untested	L49M	L	getma.org/?cm=var&var=hg19,17,41258540,G,T&fts=all	getma.org/pdb.php?prot=BRCA1_HUMAN&from=24&to=64&var=L49M	getma.org/?cm=msa&ty=f&p=BRCA1_HUMAN&rb=24&re=64&var=L49M	17	41258540	41258540	G	T	54	10	118	0	ucec_tcga_mutations
672	BRCA1	TCGA-B5-A11G-01	genome.wustl.edu	Somatic	Missense_Mutation	Untested	E1033K	M	getma.org/?cm=var&var=hg19,17,41244451,C,T&fts=all	NA	getma.org/?cm=msa&ty=f&p=BRCA1_HUMAN&rb=979&re=1178&var=E1033K	17	41244451	41244451	C	T	156	86	265	0	ucec_tcga_mutations
672	BRCA1	TCGA-AP-A056-01	genome.wustl.edu	Somatic	Missense_Mutation	Untested	K996Q	M	getma.org/?cm=var&var=hg19,17,41244562,T,G&fts=all	NA	getma.org/?cm=msa&ty=f&p=BRCA1_HUMAN&rb=979&re=1178&var=K996Q	17	41244562	41244562	T	G	242	109	294	0	ucec_tcga_mutations
672	BRCA1	TCGA-B5-A11E-01	genome.wustl.edu	Somatic	Nonsense_Mutation	Untested	R1443*	NA	getma.org/?cm=var&var=hg19,17,41234451,G,A&fts=all	NA	NA	17	41234451	41234451	G	A	70	53	192	0	ucec_tcga_mutations
672	BRCA1	TCGA-B5-A11E-01	genome.wustl.edu	Somatic	Missense_Mutation	Untested	A942V	M	getma.org/?cm=var&var=hg19,17,41244723,G,A&fts=all	NA	getma.org/?cm=msa&ty=f&p=BRCA1_HUMAN&rb=648&re=978&var=A942V	17	41244723	41244723	G	A	95	13	245	0	ucec_tcga_mutations
672	BRCA1	TCGA-AP-A056-01	genome.wustl.edu	Somatic	Missense_Mutation	Untested	E1258D	L	getma.org/?cm=var&var=hg19,17,41243774,C,A&fts=all	NA	getma.org/?cm=msa&ty=f&p=BRCA1_HUMAN&rb=1179&re=1368&var=E1258D	17	41243774	41243774	C	A	359	66	383	0	ucec_tcga_mutations
672	BRCA1	TCGA-D1-A17Q-01	genome.wustl.edu	Somatic	Missense_Mutation	Untested	S561Y	N	getma.org/?cm=var&var=hg19,17,41245866,G,T&fts=all	NA	getma.org/?cm=msa&ty=f&p=BRCA1_HUMAN&rb=509&re=647&var=S561Y	17	41245866	41245866	G	T	118	127	191	0	ucec_tcga_mutations
672	BRCA1	TCGA-AP-A0LM-01	genome.wustl.edu	Somatic	Missense_Mutation	Untested	A622V	H	getma.org/?cm=var&var=hg19,17,41245683,G,A&fts=all	NA	getma.org/?cm=msa&ty=f&p=BRCA1_HUMAN&rb=509&re=647&var=A622V	17	41245683	41245683	G	A	76	24	197	0	ucec_tcga_mutations
672	BRCA1	TCGA-AP-A051-01	genome.wustl.edu	Somatic	Missense_Mutation	Untested	L574I	H	getma.org/?cm=var&var=hg19,17,41245828,G,T&fts=all	NA	getma.org/?cm=msa&ty=f&p=BRCA1_HUMAN&rb=509&re=647&var=L574I	17	41245828	41245828	G	T	138	52	299	1	ucec_tcga_mutations
672	BRCA1	TCGA-BS-A0UJ-01	genome.wustl.edu	Somatic	Missense_Mutation	Untested	N1403S	N	getma.org/?cm=var&var=hg19,17,41234570,T,C&fts=all	NA	getma.org/?cm=msa&ty=f&p=BRCA1_HUMAN&rb=1369&re=1422&var=N1403S	17	41234570	41234570	T	C	30	31	92	0	ucec_tcga_mutations
